"KIA Sportage, 2020","от 1 654 900  ₽
  
 1 804 900 ₽ без скидки",Калужская,https://www.avito.ru/moskva/avtomobili/kia_sportage_2020_1979245980
"KIA Sportage, 2020","от 1 394 900  ₽
  
 1 609 900 ₽ без скидки",Братиславская,https://www.avito.ru/moskva/avtomobili/kia_sportage_2020_1987014287
"KIA Sportage, 2020","от 1 859 900  ₽
  
 2 009 900 ₽ без скидки",Калужская,https://www.avito.ru/moskva/avtomobili/kia_sportage_2020_1947012350
"KIA Sportage, 2020","от 1 654 900  ₽
  
 1 804 900 ₽ без скидки",Угрешская,https://www.avito.ru/moskva/avtomobili/kia_sportage_2020_1988662143
"KIA Sportage, 2020","от 1 674 900  ₽
  
 1 824 900 ₽ без скидки",Угрешская,https://www.avito.ru/moskva/avtomobili/kia_sportage_2020_1987997093
"KIA Sportage, 2020","от 1 639 900  ₽
  
 1 814 900 ₽ без скидки",Окружная,https://www.avito.ru/moskva/avtomobili/kia_sportage_2020_2007517095
"KIA Sportage, 2020","от 1 859 900  ₽
  
 2 009 900 ₽ без скидки",Угрешская,https://www.avito.ru/moskva/avtomobili/kia_sportage_2020_1987957339
"KIA Sportage, 2020","от 1 734 900  ₽
  
 1 884 900 ₽ без скидки",Угрешская,https://www.avito.ru/moskva/avtomobili/kia_sportage_2020_1924434446
"KIA Sportage, 2020","от 1 654 900  ₽
  
 1 804 900 ₽ без скидки",Калужская,https://www.avito.ru/moskva/avtomobili/kia_sportage_2020_2011728665
"KIA Sportage, 2020","от 1 654 900  ₽
  
 1 804 900 ₽ без скидки",Калужская,https://www.avito.ru/moskva/avtomobili/kia_sportage_2020_2011605366
"KIA Sportage, 2020","от 1 624 900  ₽
  
 1 774 900 ₽ без скидки",Калужская,https://www.avito.ru/moskva/avtomobili/kia_sportage_2020_1978999179
"KIA Sportage, 2020","от 1 674 900  ₽
  
 1 824 900 ₽ без скидки",Калужская,https://www.avito.ru/moskva/avtomobili/kia_sportage_2020_2011635892
"KIA Sportage, 2020","от 1 859 900  ₽
  
 2 009 900 ₽ без скидки",Угрешская,https://www.avito.ru/moskva/avtomobili/kia_sportage_2020_1988149364
"KIA Sportage, 2011",759 000  ₽,Алтуфьево,https://www.avito.ru/moskva/avtomobili/kia_sportage_2011_1965069383
"KIA Sportage, 2020","от 1 674 900  ₽
  
 1 824 900 ₽ без скидки",Калужская,https://www.avito.ru/moskva/avtomobili/kia_sportage_2020_1979113572
"KIA Sportage, 2014",899 000  ₽,Алтуфьево,https://www.avito.ru/moskva/avtomobili/kia_sportage_2014_1965119894
"KIA Sportage, 2008",500 000  ₽,Верхние Лихоборы,https://www.avito.ru/moskva/avtomobili/kia_sportage_2008_1972340686
"KIA Sportage, 2011",830 000  ₽,ВДНХ,https://www.avito.ru/moskva/avtomobili/kia_sportage_2011_2013533078
"KIA Sportage, 2014",899 000  ₽,Хорошевская,https://www.avito.ru/moskva/avtomobili/kia_sportage_2014_2004339533
"KIA Sportage, 2013",765 000  ₽,Планерная,https://www.avito.ru/moskva/avtomobili/kia_sportage_2013_1970491284
"KIA Sportage, 2012",745 000  ₽,Планерная,https://www.avito.ru/moskva/avtomobili/kia_sportage_2012_2002726035
"KIA Sportage, 2012",775 000  ₽,Планерная,https://www.avito.ru/moskva/avtomobili/kia_sportage_2012_2002691347
"KIA Sportage, 2016",1 390 000  ₽,Планерная,https://www.avito.ru/moskva/avtomobili/kia_sportage_2016_2002249495
"KIA Sportage, 2014",1 042 000  ₽,Планерная,https://www.avito.ru/moskva/avtomobili/kia_sportage_2014_1970000258
"KIA Sportage, 2016",1 449 000  ₽,Алтуфьево,https://www.avito.ru/moskva/avtomobili/kia_sportage_2016_1933317921
"KIA Sportage, 2013",799 000  ₽,Угрешская,https://www.avito.ru/moskva/avtomobili/kia_sportage_2013_1966393080
"KIA Sportage, 2006",417 000  ₽,Ясенево,https://www.avito.ru/moskva/avtomobili/kia_sportage_2006_1979950896
"KIA Sportage, 2013",960 000  ₽,Верхние Лихоборы,https://www.avito.ru/moskva/avtomobili/kia_sportage_2013_1972784698
"KIA Sportage, 2018",1 827 000  ₽,Угрешская,https://www.avito.ru/moskva/avtomobili/kia_sportage_2018_1998371437
"KIA Sportage, 2012",867 000  ₽,Ясенево,https://www.avito.ru/moskva/avtomobili/kia_sportage_2012_1980001308
"KIA Sportage, 2006",319 000  ₽,Хорошевская,https://www.avito.ru/moskva/avtomobili/kia_sportage_2006_2004824236
"KIA Sportage, 2012",699 000  ₽,Хорошевская,https://www.avito.ru/moskva/avtomobili/kia_sportage_2012_2004300600
"KIA Sportage, 2012",939 000  ₽,Планерная,https://www.avito.ru/moskva/avtomobili/kia_sportage_2012_2001979136
"KIA Sportage, 2015",1 280 000  ₽,Верхние Лихоборы,https://www.avito.ru/moskva/avtomobili/kia_sportage_2015_2004200424
"KIA Sportage, 2013",759 000  ₽,Кантемировская,https://www.avito.ru/moskva/avtomobili/kia_sportage_2013_1983232235
"KIA Sportage, 2016",1 220 000  ₽,Алтуфьево,https://www.avito.ru/moskva/avtomobili/kia_sportage_2016_1994801133
"KIA Sportage, 2020","от 1 859 900  ₽
  
 2 009 900 ₽ без скидки",Калужская,https://www.avito.ru/moskva/avtomobili/kia_sportage_2020_2011596558
"KIA Sportage, 2020","от 1 654 900  ₽
  
 1 804 900 ₽ без скидки",Калужская,https://www.avito.ru/moskva/avtomobili/kia_sportage_2020_2011870429
"KIA Sportage, 2020","от 2 079 900  ₽
  
 2 229 900 ₽ без скидки",Угрешская,https://www.avito.ru/moskva/avtomobili/kia_sportage_2020_1988371248
"KIA Sportage, 2011",730 000  ₽,Ростокино,https://www.avito.ru/moskva/avtomobili/kia_sportage_2011_1931499475
"KIA Sportage, 2020","от 1 674 900  ₽
  
 1 824 900 ₽ без скидки",Калужская,https://www.avito.ru/moskva/avtomobili/kia_sportage_2020_1978947775
"KIA Sportage, 2013",829 000  ₽,Южная,https://www.avito.ru/moskva/avtomobili/kia_sportage_2013_1977184868
"KIA Sportage, 2020","от 1 859 900  ₽
  
 2 009 900 ₽ без скидки",Калужская,https://www.avito.ru/moskva/avtomobili/kia_sportage_2020_1946949104
"KIA Sportage, 2020","от 1 859 900  ₽
  
 2 009 900 ₽ без скидки",Угрешская,https://www.avito.ru/moskva/avtomobili/kia_sportage_2020_1988363927
"KIA Sportage, 2005",250 000  ₽,Текстильщики,https://www.avito.ru/moskva/avtomobili/kia_sportage_2005_1965001222
"KIA Sportage, 2017",1 410 000  ₽,Аннино,https://www.avito.ru/moskva/avtomobili/kia_sportage_2017_1995054404
"KIA Sportage, 2012",659 000  ₽,Окская,https://www.avito.ru/moskva/avtomobili/kia_sportage_2012_1995101219
"KIA Sportage, 2011",715 000  ₽,Водный стадион,https://www.avito.ru/moskva/avtomobili/kia_sportage_2011_1999437737
"KIA Sportage, 2013",830 000  ₽,Окружная,https://www.avito.ru/moskva/avtomobili/kia_sportage_2013_1963680035
"KIA Sportage, 2012",855 000  ₽,Волоколамская,https://www.avito.ru/moskva/avtomobili/kia_sportage_2012_1996654746
"KIA Sportage, 2020","от 1 734 900  ₽
  
 1 884 900 ₽ без скидки",Угрешская,https://www.avito.ru/moskva/avtomobili/kia_sportage_2020_1924434446
"KIA Sportage, 2020","от 1 654 900  ₽
  
 1 804 900 ₽ без скидки",Калужская,https://www.avito.ru/moskva/avtomobili/kia_sportage_2020_2011728665
"KIA Sportage, 2020","от 1 654 900  ₽
  
 1 804 900 ₽ без скидки",Калужская,https://www.avito.ru/moskva/avtomobili/kia_sportage_2020_2011605366
"KIA Sportage, 2020","от 1 624 900  ₽
  
 1 774 900 ₽ без скидки",Калужская,https://www.avito.ru/moskva/avtomobili/kia_sportage_2020_1978999179
"KIA Sportage, 2020","от 1 594 900  ₽
  
 1 744 900 ₽ без скидки",Калужская,https://www.avito.ru/moskva/avtomobili/kia_sportage_2020_1979619131
"KIA Sportage, 2008",510 000  ₽,Калужская,https://www.avito.ru/moskva/avtomobili/kia_sportage_2008_2003859255
"KIA Sportage, 2013",790 000  ₽,Ховрино,https://www.avito.ru/moskva/avtomobili/kia_sportage_2013_1989800744
"KIA Sportage, 2012",860 000  ₽,Беляево,https://www.avito.ru/moskva/avtomobili/kia_sportage_2012_2002117169
"KIA Sportage, 2015",1 023 000  ₽,Аннино,https://www.avito.ru/moskva/avtomobili/kia_sportage_2015_1992783453
"KIA Sportage, 2003",205 000  ₽,Киевская,https://www.avito.ru/moskva/avtomobili/kia_sportage_2003_2006788073
"KIA Sportage, 2010",835 000  ₽,Варшавская,https://www.avito.ru/moskva/avtomobili/kia_sportage_2010_1999551868
"KIA Sportage, 2013",779 000  ₽,Окская,https://www.avito.ru/moskva/avtomobili/kia_sportage_2013_1995804350
"KIA Sportage, 2011",870 000  ₽,Борисово,https://www.avito.ru/moskva/avtomobili/kia_sportage_2011_1998337429
"KIA Sportage, 2012",775 000  ₽,Люблино,https://www.avito.ru/moskva/avtomobili/kia_sportage_2012_1990845678
"KIA Sportage, 2008",489 000  ₽,Окская,https://www.avito.ru/moskva/avtomobili/kia_sportage_2008_1995520714
"KIA Sportage, 2013",850 000  ₽,Маяковская,https://www.avito.ru/moskva/avtomobili/kia_sportage_2013_1992474014
"KIA Sportage, 2014",1 148 000  ₽,Бабушкинская,https://www.avito.ru/moskva/avtomobili/kia_sportage_2014_2010359439
"KIA Sportage, 2007",565 000  ₽,Жулебино,https://www.avito.ru/moskva/avtomobili/kia_sportage_2007_1997421841
"KIA Sportage, 2001",185 000  ₽,Марьина Роща,https://www.avito.ru/moskva/avtomobili/kia_sportage_2001_2006649705
"KIA Sportage, 2012",771 000  ₽,Борисово,https://www.avito.ru/moskva/avtomobili/kia_sportage_2012_1989926755
"KIA Sportage, 2005",275 000  ₽,Марьина Роща,https://www.avito.ru/moskva/avtomobili/kia_sportage_2005_2006133202
"KIA Sportage, 2013",830 000  ₽,Комсомольская,https://www.avito.ru/moskva/avtomobili/kia_sportage_2013_1977590848
"KIA Sportage, 2020","от 1 699 900  ₽
  
 1 874 900 ₽ без скидки",Крылатское,https://www.avito.ru/moskva/avtomobili/kia_sportage_2020_1985295912
"KIA Sportage, 2012",665 000  ₽,Медведково,https://www.avito.ru/moskva/avtomobili/kia_sportage_2012_2001752759
"KIA Sportage, 2020","от 1 699 900  ₽
  
 1 874 900 ₽ без скидки",Крылатское,https://www.avito.ru/moskva/avtomobili/kia_sportage_2020_1985917590
"KIA Sportage, 2004",260 000  ₽,Люблино,https://www.avito.ru/moskva/avtomobili/kia_sportage_2004_2012604328
"KIA Sportage, 2013",840 000  ₽,Юго-Восточная,https://www.avito.ru/moskva/avtomobili/kia_sportage_2013_1977676902
"KIA Sportage, 2001",205 000  ₽,Текстильщики,https://www.avito.ru/moskva/avtomobili/kia_sportage_2001_2007979048
"KIA Sportage, 2013",880 000  ₽,Планерная,https://www.avito.ru/moskva/avtomobili/kia_sportage_2013_2001695278
"KIA Sportage, 2013",755 000  ₽,Жулебино,https://www.avito.ru/moskva/avtomobili/kia_sportage_2013_1876152447
"KIA Sportage, 2012",740 000  ₽,Шоссе Энтузиастов,https://www.avito.ru/moskva/avtomobili/kia_sportage_2012_1988977713
"KIA Sportage, 2010",700 000  ₽,"
 МКАД",https://www.avito.ru/moskva/avtomobili/kia_sportage_2010_2004901670
"KIA Sportage, 2012",770 000  ₽,Свиблово,https://www.avito.ru/moskva/avtomobili/kia_sportage_2012_1636251032
"KIA Sportage, 2012",764 000  ₽,Царицыно,https://www.avito.ru/moskva/avtomobili/kia_sportage_2012_2005767328
"KIA Sportage, 2009",548 000  ₽,Жулебино,https://www.avito.ru/moskva/avtomobili/kia_sportage_2009_1989166780
"KIA Sportage, 2017",1 349 000  ₽,Планерная,https://www.avito.ru/moskva/avtomobili/kia_sportage_2017_2002674334
"KIA Sportage, 2018",1 390 000  ₽,Первомайская,https://www.avito.ru/moskva/avtomobili/kia_sportage_2018_1986484479
"KIA Sportage, 2001",100 000  ₽,Нагорная,https://www.avito.ru/moskva/avtomobili/kia_sportage_2001_1990838812
"KIA Sportage, 2016",1 465 000  ₽,Волоколамская,https://www.avito.ru/moskva/avtomobili/kia_sportage_2016_1964787572
"KIA Sportage, 2020","от 1 714 700  ₽
  
 1 889 700 ₽ без скидки",Крылатское,https://www.avito.ru/moskva/avtomobili/kia_sportage_2020_1985591427
"KIA Sportage, 2016",1 395 000  ₽,Волоколамская,https://www.avito.ru/moskva/avtomobili/kia_sportage_2016_1964830408
"KIA Sportage, 2011",765 000  ₽,Волоколамская,https://www.avito.ru/moskva/avtomobili/kia_sportage_2011_1996803289
"KIA Sportage, 2012",685 000  ₽,Беляево,https://www.avito.ru/moskva/avtomobili/kia_sportage_2012_1994378823
"KIA Sportage, 2020","от 1 654 900  ₽
  
 1 804 900 ₽ без скидки",Калужская,https://www.avito.ru/moskva/avtomobili/kia_sportage_2020_2011163688
"KIA Sportage, 2005",200 000  ₽,Крылатское,https://www.avito.ru/moskva/avtomobili/kia_sportage_2005_1991439765
"KIA Sportage, 2012",809 000  ₽,Площадь революции,https://www.avito.ru/moskva/avtomobili/kia_sportage_2012_1986972292
"KIA Sportage, 2013",845 000  ₽,Хорошево,https://www.avito.ru/moskva/avtomobili/kia_sportage_2013_1993448523
"KIA Sportage, 2013",700 000  ₽,Алма-Атинская,https://www.avito.ru/moskva/avtomobili/kia_sportage_2013_1904708457
"KIA Sportage, 2002",210 000  ₽,Текстильщики,https://www.avito.ru/moskva/avtomobili/kia_sportage_2002_1997827544
"KIA Sportage, 2014",955 000  ₽,Коломенская,https://www.avito.ru/moskva/avtomobili/kia_sportage_2014_1983834282
"KIA Sportage, 2020","от 1 859 900  ₽
  
 2 009 900 ₽ без скидки",Калужская,https://www.avito.ru/moskva/avtomobili/kia_sportage_2020_2011740979
"KIA Sportage, 2020","от 1 409 900  ₽
  
 1 559 900 ₽ без скидки",Кантемировская,https://www.avito.ru/moskva/avtomobili/kia_sportage_2020_2013369650
"KIA Sportage, 2020","от 1 665 900  ₽
  
 1 815 900 ₽ без скидки",Калужская,https://www.avito.ru/moskva/avtomobili/kia_sportage_2020_1979744957
"KIA Sportage, 2020","от 1 719 900  ₽
  
 1 894 900 ₽ без скидки",Окружная,https://www.avito.ru/moskva/avtomobili/kia_sportage_2020_2007156376
"KIA Sportage, 2020","от 1 674 900  ₽
  
 1 824 900 ₽ без скидки",Калужская,https://www.avito.ru/moskva/avtomobili/kia_sportage_2020_2011635892
"KIA Sportage, 2020","от 1 859 900  ₽
  
 2 009 900 ₽ без скидки",Угрешская,https://www.avito.ru/moskva/avtomobili/kia_sportage_2020_1988149364
"KIA Sportage, 2020","от 1 674 900  ₽
  
 1 824 900 ₽ без скидки",Угрешская,https://www.avito.ru/moskva/avtomobili/kia_sportage_2020_1987997093
"KIA Sportage, 2020","от 1 859 900  ₽
  
 2 009 900 ₽ без скидки",Угрешская,https://www.avito.ru/moskva/avtomobili/kia_sportage_2020_1987957339
"KIA Sportage, 2012",730 000  ₽,Жулебино,https://www.avito.ru/moskva/avtomobili/kia_sportage_2012_2000015508
"KIA Sportage, 2020","от 1 859 900  ₽
  
 2 009 900 ₽ без скидки",Угрешская,https://www.avito.ru/moskva/avtomobili/kia_sportage_2020_1924751083
"KIA Sportage, 2018",1 295 000  ₽,Беломорская,https://www.avito.ru/moskva/avtomobili/kia_sportage_2018_1987728268
"KIA Sportage, 2020","от 1 665 900  ₽
  
 1 815 900 ₽ без скидки",Калужская,https://www.avito.ru/moskva/avtomobili/kia_sportage_2020_1978970158
"KIA Sportage, 2012",875 000  ₽,Говорово,https://www.avito.ru/moskva/avtomobili/kia_sportage_2012_1994031357
"KIA Sportage, 2009",650 000  ₽,Семеновская,https://www.avito.ru/moskva/avtomobili/kia_sportage_2009_1972397048
"KIA Sportage, 2018",1 470 000  ₽,Семеновская,https://www.avito.ru/moskva/avtomobili/kia_sportage_2018_1972645098
"KIA Sportage, 2019",1 560 000  ₽,Автозаводская,https://www.avito.ru/moskva/avtomobili/kia_sportage_2019_1989863295
"KIA Sportage, 2020","от 1 654 900  ₽
  
 1 804 900 ₽ без скидки",Калужская,https://www.avito.ru/moskva/avtomobili/kia_sportage_2020_1979102832
"KIA Sportage, 2020","от 1 674 900  ₽
  
 1 824 900 ₽ без скидки",Угрешская,https://www.avito.ru/moskva/avtomobili/kia_sportage_2020_1988736019
"KIA Sportage, 2011",850 000  ₽,Бульвар Рокоссовского,https://www.avito.ru/moskva/avtomobili/kia_sportage_2011_1021982249
"KIA Sportage, 2016",1 135 000  ₽,Медведково,https://www.avito.ru/moskva/avtomobili/kia_sportage_2016_1822394922
"KIA Sportage, 2013",810 000  ₽,Первомайская,https://www.avito.ru/moskva/avtomobili/kia_sportage_2013_1791048984
"KIA Sportage, 2020","от 1 654 900  ₽
  
 1 804 900 ₽ без скидки",Угрешская,https://www.avito.ru/moskva/avtomobili/kia_sportage_2020_1956245018
"KIA Sportage, 2012",690 000  ₽,Алтуфьево,https://www.avito.ru/moskva/avtomobili/kia_sportage_2012_1375672135
"KIA Sportage, 2008",539 000  ₽,Юго-Восточная,https://www.avito.ru/moskva/avtomobili/kia_sportage_2008_1998902573
"KIA Sportage, 2020","от 1 659 900  ₽
  
 1 834 900 ₽ без скидки",Окружная,https://www.avito.ru/moskva/avtomobili/kia_sportage_2020_2007875231
"KIA Sportage, 2013",919 000  ₽,Окская,https://www.avito.ru/moskva/avtomobili/kia_sportage_2013_1995863656
"KIA Sportage, 2019",1 699 000  ₽,"
 2-й Магистральный тупик",https://www.avito.ru/moskva/avtomobili/kia_sportage_2019_2004037247
"KIA Sportage, 2018",1 400 000  ₽,Щелковская,https://www.avito.ru/moskva/avtomobili/kia_sportage_2018_1995421277
"KIA Sportage, 2018",1 490 000  ₽,Царицыно,https://www.avito.ru/moskva/avtomobili/kia_sportage_2018_1881446438
"KIA Sportage, 2015",1 061 111  ₽,Коптево,https://www.avito.ru/moskva/avtomobili/kia_sportage_2015_1971975351
"KIA Sportage, 2020","от 1 734 900  ₽
  
 1 884 900 ₽ без скидки",Угрешская,https://www.avito.ru/moskva/avtomobili/kia_sportage_2020_1987957381
"KIA Sportage, 2018",1 470 000  ₽,Жулебино,https://www.avito.ru/moskva/avtomobili/kia_sportage_2018_1972154584
"KIA Sportage, 2012",766 000  ₽,Марьино,https://www.avito.ru/moskva/avtomobili/kia_sportage_2012_2009594275
"KIA Sportage, 2011",750 000  ₽,Ростокино,https://www.avito.ru/moskva/avtomobili/kia_sportage_2011_2004269913
"KIA Sportage, 2013",870 000  ₽,Солнцево,https://www.avito.ru/moskva/avtomobili/kia_sportage_2013_1967071349
"KIA Sportage, 2020","от 1 674 900  ₽
  
 1 824 900 ₽ без скидки",Калужская,https://www.avito.ru/moskva/avtomobili/kia_sportage_2020_1979266521
"KIA Sportage, 2018",1 299 000  ₽,Селигерская,https://www.avito.ru/moskva/avtomobili/kia_sportage_2018_1932940174
"KIA Sportage, 2011",675 000  ₽,Новые Черемушки,https://www.avito.ru/moskva/avtomobili/kia_sportage_2011_1992619314
"KIA Sportage, 2011",830 000  ₽,Солнцево,https://www.avito.ru/moskva/avtomobili/kia_sportage_2011_2008995986
"KIA Sportage, 2010",749 000  ₽,Южная,https://www.avito.ru/moskva/avtomobili/kia_sportage_2010_1977343366
"KIA Sportage, 2012",830 000  ₽,Каховская,https://www.avito.ru/moskva/avtomobili/kia_sportage_2012_1993578266
"KIA Sportage, 2013",806 300  ₽,Румянцево,https://www.avito.ru/moskva/avtomobili/kia_sportage_2013_1991726512
"KIA Sportage, 2011",830 000  ₽,Бауманская,https://www.avito.ru/moskva/avtomobili/kia_sportage_2011_1952301377
"KIA Sportage, 2011",670 000  ₽,Теплый стан,https://www.avito.ru/moskva/avtomobili/kia_sportage_2011_1903999469
"KIA Sportage, 2015",1 120 000  ₽,Теплый стан,https://www.avito.ru/moskva/avtomobili/kia_sportage_2015_1990146657
"KIA Sportage, 2014",910 000  ₽,Печатники,https://www.avito.ru/moskva/avtomobili/kia_sportage_2014_1995039754
"KIA Sportage, 2005",269 000  ₽,Юго-Западная,https://www.avito.ru/moskva/avtomobili/kia_sportage_2005_1979876046
"KIA Sportage, 2004",265 000  ₽,Юго-Западная,https://www.avito.ru/moskva/avtomobili/kia_sportage_2004_1955714025
"KIA Sportage, 2018",1 599 000  ₽,Планерная,https://www.avito.ru/moskva/avtomobili/kia_sportage_2018_2002420337
"KIA Sportage, 2010",675 000  ₽,Юго-Западная,https://www.avito.ru/moskva/avtomobili/kia_sportage_2010_1983652572
"KIA Sportage, 2001",35 000  ₽,Отрадное,https://www.avito.ru/moskva/avtomobili/kia_sportage_2001_1955678390
"KIA Sportage, 2009",479 000  ₽,Южная,https://www.avito.ru/moskva/avtomobili/kia_sportage_2009_1976931786
"KIA Sportage, 2012",610 000  ₽,Некрасовка,https://www.avito.ru/moskva/avtomobili/kia_sportage_2012_1955203103
"KIA Sportage, 2012",815 000  ₽,Бутырская,https://www.avito.ru/moskva/avtomobili/kia_sportage_2012_1990719288
"KIA Sportage, 2014",1 099 000  ₽,Площадь революции,https://www.avito.ru/moskva/avtomobili/kia_sportage_2014_1977101058
"KIA Sportage, 1999",185 000  ₽,Алма-Атинская,https://www.avito.ru/moskva/avtomobili/kia_sportage_1999_1992846262
"KIA Sportage, 2006",540 000  ₽,Пятницкое шоссе,https://www.avito.ru/moskva/avtomobili/kia_sportage_2006_1957585593
"KIA Sportage, 2014",849 000  ₽,Алтуфьево,https://www.avito.ru/moskva/avtomobili/kia_sportage_2014_1988033946
"KIA Sportage, 2020","от 1 674 900  ₽
  
 1 824 900 ₽ без скидки",Калужская,https://www.avito.ru/moskva/avtomobili/kia_sportage_2020_1979113572
"KIA Sportage, 2011",830 000  ₽,ВДНХ,https://www.avito.ru/moskva/avtomobili/kia_sportage_2011_2013533078
"KIA Sportage, 2020","от 1 639 900  ₽
  
 1 814 900 ₽ без скидки",Окружная,https://www.avito.ru/moskva/avtomobili/kia_sportage_2020_2007517095
"KIA Sportage, 2012",800 000  ₽,Люблино,https://www.avito.ru/moskva/avtomobili/kia_sportage_2012_1969220933
"KIA Sportage, 2015",855 000  ₽,Люблино,https://www.avito.ru/moskva/avtomobili/kia_sportage_2015_1991148023
"KIA Sportage, 2002",20 000  ₽,р-н Северный,https://www.avito.ru/moskva/avtomobili/kia_sportage_2002_1972857279
"KIA Sportage, 2014",1 099 000  ₽,Алтуфьево,https://www.avito.ru/moskva/avtomobili/kia_sportage_2014_1994375584
"KIA Sportage, 2012",747 000  ₽,Молодежная,https://www.avito.ru/moskva/avtomobili/kia_sportage_2012_1983914123
"KIA Sportage, 2015",1 020 000  ₽,Верхние Лихоборы,https://www.avito.ru/moskva/avtomobili/kia_sportage_2015_1972702917
"KIA Sportage, 2006",245 000  ₽,Кантемировская,https://www.avito.ru/moskva/avtomobili/kia_sportage_2006_1998655858
"KIA Sportage, 2012",769 000  ₽,Люблино,https://www.avito.ru/moskva/avtomobili/kia_sportage_2012_1982937037
"KIA Sportage, 2017",1 290 000  ₽,Домодедовская,https://www.avito.ru/moskva/avtomobili/kia_sportage_2017_1999685944
"KIA Sportage, 2015",875 000  ₽,Хорошево,https://www.avito.ru/moskva/avtomobili/kia_sportage_2015_1961652367
"KIA Sportage, 2011",650 000  ₽,Перово,https://www.avito.ru/moskva/avtomobili/kia_sportage_2011_1981315984
"KIA Sportage, 2010",564 000  ₽,Братиславская,https://www.avito.ru/moskva/avtomobili/kia_sportage_2010_2005134496
"KIA Sportage, 2014",920 000  ₽,Хорошево,https://www.avito.ru/moskva/avtomobili/kia_sportage_2014_1993596983
"KIA Sportage, 2010",770 000  ₽,Медведково,https://www.avito.ru/moskva/avtomobili/kia_sportage_2010_2012417215
"KIA Sportage, 2009",600 000  ₽,Академическая,https://www.avito.ru/moskva/avtomobili/kia_sportage_2009_1982411068
"KIA Sportage, 2017",1 385 000  ₽,Ясенево,https://www.avito.ru/moskva/avtomobili/kia_sportage_2017_1984364973
"KIA Sportage, 2010",775 000  ₽,Новогиреево,https://www.avito.ru/moskva/avtomobili/kia_sportage_2010_1994978957
"KIA Sportage, 2012",680 000  ₽,Севастопольская,https://www.avito.ru/moskva/avtomobili/kia_sportage_2012_1969430237
"KIA Sportage, 2006",285 000  ₽,Планерная,https://www.avito.ru/moskva/avtomobili/kia_sportage_2006_2002132808
"KIA Sportage, 2007",500 000  ₽,Калужская,https://www.avito.ru/moskva/avtomobili/kia_sportage_2007_2009073517
"KIA Sportage, 2012",769 000  ₽,Кантемировская,https://www.avito.ru/moskva/avtomobili/kia_sportage_2012_1983071850
"KIA Sportage, 2016",890 000  ₽,Сходненская,https://www.avito.ru/moskva/avtomobili/kia_sportage_2016_2011845355
"KIA Sportage, 2011",760 000  ₽,Медведково,https://www.avito.ru/moskva/avtomobili/kia_sportage_2011_1093325693
"KIA Sportage, 2012",800 000  ₽,Жулебино,https://www.avito.ru/moskva/avtomobili/kia_sportage_2012_1522051874
"KIA Sportage, 2015",1 000 000  ₽,Новопеределкино,https://www.avito.ru/moskva/avtomobili/kia_sportage_2015_1976750982
"KIA Sportage, 2017",1 317 000  ₽,Ясенево,https://www.avito.ru/moskva/avtomobili/kia_sportage_2017_2011959426
"KIA Sportage, 2017",1 517 000  ₽,Ясенево,https://www.avito.ru/moskva/avtomobili/kia_sportage_2017_2011937283
"KIA Sportage, 2013",829 000  ₽,Аннино,https://www.avito.ru/moskva/avtomobili/kia_sportage_2013_1952547468
"KIA Sportage, 2017",1 325 000  ₽,Бульвар адмирала Ушакова,https://www.avito.ru/moskva/avtomobili/kia_sportage_2017_1988420433
"KIA Sportage, 2016",1 400 000  ₽,Зеленоград,https://www.avito.ru/moskva_zelenograd/avtomobili/kia_sportage_2016_1968928311
"KIA Sportage, 2010",629 000  ₽,Хорошево,https://www.avito.ru/moskva/avtomobili/kia_sportage_2010_1992924186
"KIA Sportage, 2010",540 000  ₽,Румянцево,https://www.avito.ru/moskva/avtomobili/kia_sportage_2010_1959309642
"KIA Sportage, 2000",88 000  ₽,Речной вокзал,https://www.avito.ru/moskva/avtomobili/kia_sportage_2000_2002122147
"KIA Sportage, 2012",890 000  ₽,Площадь революции,https://www.avito.ru/moskva/avtomobili/kia_sportage_2012_2009975420
"KIA Sportage, 2017",1 740 000  ₽,Теплый стан,https://www.avito.ru/moskva/avtomobili/kia_sportage_2017_1968547091
"KIA Sportage, 2015",1 040 000  ₽,Шипиловская,https://www.avito.ru/moskva/avtomobili/kia_sportage_2015_1935066054
"KIA Sportage, 2017",1 398 000  ₽,Ясенево,https://www.avito.ru/moskva/avtomobili/kia_sportage_2017_2012775078
"KIA Sportage, 2016",1 249 000  ₽,Окская,https://www.avito.ru/moskva/avtomobili/kia_sportage_2016_1987921063
"KIA Sportage, 2011",800 000  ₽,Окружная,https://www.avito.ru/moskva/avtomobili/kia_sportage_2011_1955093064
"KIA Sportage, 2013",887 000  ₽,Калужская,https://www.avito.ru/moskva/avtomobili/kia_sportage_2013_2003426080
"KIA Sportage, 2017",1 295 000  ₽,Славянский бульвар,https://www.avito.ru/moskva/avtomobili/kia_sportage_2017_2012129414
"KIA Sportage, 2012",747 000  ₽,Ясенево,https://www.avito.ru/moskva/avtomobili/kia_sportage_2012_2012581232
"KIA Sportage, 2010",650 000  ₽,Улица Горчакова,https://www.avito.ru/moskva/avtomobili/kia_sportage_2010_1976897523
"KIA Sportage, 2017",1 400 000  ₽,Алтуфьево,https://www.avito.ru/moskva/avtomobili/kia_sportage_2017_1994242899
"KIA Sportage, 2019",1 799 999  ₽,Отрадное,https://www.avito.ru/moskva/avtomobili/kia_sportage_2019_2003752414
"KIA Sportage, 2010",700 000  ₽,Новогиреево,https://www.avito.ru/moskva/avtomobili/kia_sportage_2010_1994978485
"KIA Sportage, 2013",825 000  ₽,Хорошево,https://www.avito.ru/moskva/avtomobili/kia_sportage_2013_940053888
"KIA Sportage, 2014",920 000  ₽,Новокосино,https://www.avito.ru/moskva/avtomobili/kia_sportage_2014_1988132040
"KIA Sportage, 2008",568 000  ₽,Жулебино,https://www.avito.ru/moskva/avtomobili/kia_sportage_2008_2003846718
"KIA Sportage, 2004",245 000  ₽,Люблино,https://www.avito.ru/moskva/avtomobili/kia_sportage_2004_1991969119
"KIA Sportage, 2017",1 295 000  ₽,Славянский бульвар,https://www.avito.ru/moskva/avtomobili/kia_sportage_2017_2012129414
"KIA Sportage, 2004",220 000  ₽,Люблино,https://www.avito.ru/moskva/avtomobili/kia_sportage_2004_1991958877
"KIA Sportage, 2010",550 000  ₽,Кузьминки,https://www.avito.ru/moskva/avtomobili/kia_sportage_2010_2005528657
"KIA Sportage, 2008",550 000  ₽,Жулебино,https://www.avito.ru/moskva/avtomobili/kia_sportage_2008_1983547518
"KIA Sportage, 2011",818 000  ₽,Жулебино,https://www.avito.ru/moskva/avtomobili/kia_sportage_2011_1986571262
"KIA Sportage, 2013",810 000  ₽,Братиславская,https://www.avito.ru/moskva/avtomobili/kia_sportage_2013_2004248351
"KIA Sportage, 2007",445 000  ₽,Люблино,https://www.avito.ru/moskva/avtomobili/kia_sportage_2007_1958893875
"KIA Sportage, 2013",793 000  ₽,Лесопарковая,https://www.avito.ru/moskva/avtomobili/kia_sportage_2013_1992522738
"KIA Sportage, 2013",820 000  ₽,Площадь революции,https://www.avito.ru/moskva/avtomobili/kia_sportage_2013_1983817143
"KIA Sportage, 2008",530 000  ₽,Беломорская,https://www.avito.ru/moskva/avtomobili/kia_sportage_2008_1982226632
"KIA Sportage, 2007",499 000  ₽,Севастопольская,https://www.avito.ru/moskva/avtomobili/kia_sportage_2007_1970921775
"KIA Sportage, 2012",746 000  ₽,Коломенская,https://www.avito.ru/moskva/avtomobili/kia_sportage_2012_1981154508
"KIA Sportage, 2004",220 000  ₽,Алтуфьево,https://www.avito.ru/moskva/avtomobili/kia_sportage_2004_1630666675
"KIA Sportage, 2004",275 000  ₽,Лермонтовский проспект,https://www.avito.ru/moskva/avtomobili/kia_sportage_2004_2007485588
"KIA Sportage, 2009",505 000  ₽,Медведково,https://www.avito.ru/moskva/avtomobili/kia_sportage_2009_1977695020
"KIA Sportage, 2012",850 000  ₽,Алтуфьево,https://www.avito.ru/moskva/avtomobili/kia_sportage_2012_1965447709
"KIA Sportage, 1996",120 000  ₽,Площадь революции,https://www.avito.ru/moskva/avtomobili/kia_sportage_1996_2010997397
"KIA Sportage, 2015",1 235 000  ₽,Бунинская аллея,https://www.avito.ru/moskva/avtomobili/kia_sportage_2015_1999488096
"KIA Sportage, 2008",550 000  ₽,Чертановская,https://www.avito.ru/moskva/avtomobili/kia_sportage_2008_1951465629
"KIA Sportage, 2014",889 000  ₽,Планерная,https://www.avito.ru/moskva/avtomobili/kia_sportage_2014_2002123676
"KIA Sportage, 2012",825 000  ₽,Некрасовка,https://www.avito.ru/moskva/avtomobili/kia_sportage_2012_2004446717
"KIA Sportage, 2017",1 395 000  ₽,Румянцево,https://www.avito.ru/moskva/avtomobili/kia_sportage_2017_1991844236
"KIA Sportage, 2010",530 000  ₽,Медведково,https://www.avito.ru/moskva/avtomobili/kia_sportage_2010_2010374770
"KIA Sportage, 2014",1 187 000  ₽,Алтуфьево,https://www.avito.ru/moskva/avtomobili/kia_sportage_2014_2013067464
"KIA Sportage, 2016",1 499 000  ₽,Тропарево,https://www.avito.ru/moskva/avtomobili/kia_sportage_2016_1963733703
"KIA Sportage, 2011",748 000  ₽,Волгоградский проспект,https://www.avito.ru/moskva/avtomobili/kia_sportage_2011_2004294722
"KIA Sportage, 2012",780 000  ₽,Озёрная,https://www.avito.ru/moskva/avtomobili/kia_sportage_2012_1995856553
"KIA Sportage, 2019",1 350 000  ₽,с. Алабушево,https://www.avito.ru/moskva_zelenograd/avtomobili/kia_sportage_2019_1968347406
"KIA Sportage, 2015",965 000  ₽,Кожуховская,https://www.avito.ru/moskva/avtomobili/kia_sportage_2015_1974685188
"KIA Sportage, 2016",1 550 000  ₽,Зеленоград,https://www.avito.ru/moskva_zelenograd/avtomobili/kia_sportage_2016_2000080840
"KIA Sportage, 2014",980 000  ₽,Тропарево,https://www.avito.ru/moskva/avtomobili/kia_sportage_2014_1995683208
"KIA Sportage, 2012",820 000  ₽,Нагатинская,https://www.avito.ru/moskva/avtomobili/kia_sportage_2012_1987143450
"KIA Sportage, 2014",1 040 000  ₽,Жулебино,https://www.avito.ru/moskva/avtomobili/kia_sportage_2014_2004560652
"KIA Sportage, 2018",1 450 000  ₽,Молодежная,https://www.avito.ru/moskva/avtomobili/kia_sportage_2018_1864858427
"KIA Sportage, 2010",465 000  ₽,Римская,https://www.avito.ru/moskva/avtomobili/kia_sportage_2010_1955768698
"KIA Sportage, 2010",757 000  ₽,Рязанский проспект,https://www.avito.ru/moskva/avtomobili/kia_sportage_2010_2008920592
"KIA Sportage, 2012",767 000  ₽,Царицыно,https://www.avito.ru/moskva/avtomobili/kia_sportage_2012_1967761327
"KIA Sportage, 2017",1 380 000  ₽,Нагорная,https://www.avito.ru/moskva/avtomobili/kia_sportage_2017_1956956858
"KIA Sportage, 2014",1 145 000  ₽,Бунинская аллея,https://www.avito.ru/moskva/avtomobili/kia_sportage_2014_1999077233
"KIA Sportage, 2014",1 040 000  ₽,Сходненская,https://www.avito.ru/moskva/avtomobili/kia_sportage_2014_1973423691
"KIA Sportage, 2014",780 000  ₽,Фонвизинская,https://www.avito.ru/moskva/avtomobili/kia_sportage_2014_1965157814
"KIA Sportage, 2013",899 000  ₽,Тропарево,https://www.avito.ru/moskva/avtomobili/kia_sportage_2013_1995310833
"KIA Sportage, 2013",850 000  ₽,Ясенево,https://www.avito.ru/moskva/avtomobili/kia_sportage_2013_1990021764
"KIA Sportage, 2013",935 000  ₽,Ростокино,https://www.avito.ru/moskva/avtomobili/kia_sportage_2013_1995675269
"KIA Sportage, 2002",110 000  ₽,Зеленоград,https://www.avito.ru/moskva_zelenograd/avtomobili/kia_sportage_2002_1964797856
"KIA Sportage, 2004",275 000  ₽,Юго-Западная,https://www.avito.ru/moskva/avtomobili/kia_sportage_2004_1954948400
"KIA Sportage, 2014",1 200 000  ₽,Перово,https://www.avito.ru/moskva/avtomobili/kia_sportage_2014_1918485528
"KIA Sportage, 2006",400 000  ₽,Преображенская площадь,https://www.avito.ru/moskva/avtomobili/kia_sportage_2006_1998616519
"KIA Sportage, 2018",790 000  ₽,Волжская,https://www.avito.ru/moskva/avtomobili/kia_sportage_2018_1944880428
"KIA Sportage, 2009",550 000  ₽,Текстильщики,https://www.avito.ru/moskva/avtomobili/kia_sportage_2009_1957275875
"KIA Sportage, 2013",789 000  ₽,Угрешская,https://www.avito.ru/moskva/avtomobili/kia_sportage_2013_1998610160
"KIA Sportage, 2016",1 790 000  ₽,Бульвар Рокоссовского,https://www.avito.ru/moskva/avtomobili/kia_sportage_2016_1969899293
"KIA Sportage, 2014",950 000  ₽,Перово,https://www.avito.ru/moskva/avtomobili/kia_sportage_2014_1939518970
"KIA Sportage, 2012",845 000  ₽,Крылатское,https://www.avito.ru/moskva/avtomobili/kia_sportage_2012_1983684026
"KIA Sportage, 2015",920 000  ₽,Новые Черемушки,https://www.avito.ru/moskva/avtomobili/kia_sportage_2015_1951516609
"KIA Sportage, 2017",1 310 000  ₽,Тропарево,https://www.avito.ru/moskva/avtomobili/kia_sportage_2017_1995507890
"KIA Sportage, 2014",999 000  ₽,Кантемировская,https://www.avito.ru/moskva/avtomobili/kia_sportage_2014_2004026688
"KIA Sportage, 2012",800 000  ₽,Ростокино,https://www.avito.ru/moskva/avtomobili/kia_sportage_2012_1963926561
"KIA Sportage, 2015",860 000  ₽,Озёрная,https://www.avito.ru/moskva/avtomobili/kia_sportage_2015_1963379741
"KIA Sportage, 2007",455 000  ₽,Коломенская,https://www.avito.ru/moskva/avtomobili/kia_sportage_2007_1972910959
"KIA Sportage, 2010",699 000  ₽,Хорошево,https://www.avito.ru/moskva/avtomobili/kia_sportage_2010_1961787301
"KIA Sportage, 2012",830 000  ₽,Преображенская площадь,https://www.avito.ru/moskva/avtomobili/kia_sportage_2012_2005595460
"KIA Sportage, 2005",345 000  ₽,Медведково,https://www.avito.ru/moskva/avtomobili/kia_sportage_2005_2004285302
"KIA Sportage, 2010",710 000  ₽,Жулебино,https://www.avito.ru/moskva/avtomobili/kia_sportage_2010_2004468333
"KIA Sportage, 2007",475 000  ₽,Авиамоторная,https://www.avito.ru/moskva/avtomobili/kia_sportage_2007_1978533631
"KIA Sportage, 2011",799 000  ₽,Калужская,https://www.avito.ru/moskva/avtomobili/kia_sportage_2011_1971588465
"KIA Sportage, 2011",800 000  ₽,Ховрино,https://www.avito.ru/moskva/avtomobili/kia_sportage_2011_1964820126
"KIA Sportage, 2020",1 580 000  ₽,Белокаменная,https://www.avito.ru/moskva/avtomobili/kia_sportage_2020_1962024218
"KIA Sportage, 2012",779 000  ₽,Кантемировская,https://www.avito.ru/moskva/avtomobili/kia_sportage_2012_1972239473
"KIA Sportage, 2010",755 000  ₽,Перово,https://www.avito.ru/moskva/avtomobili/kia_sportage_2010_1946354722
"KIA Sportage, 2019",1 995 000  ₽,Пражская,https://www.avito.ru/moskva/avtomobili/kia_sportage_2019_2004601712
"KIA Sportage, 2011",800 000  ₽,Зеленоград,https://www.avito.ru/moskva_zelenograd/avtomobili/kia_sportage_2011_1966210384
"KIA Sportage, 2011",687 000  ₽,Стахановская,https://www.avito.ru/moskva/avtomobili/kia_sportage_2011_1963125253
"KIA Sportage, 2013",769 000  ₽,Озёрная,https://www.avito.ru/moskva/avtomobili/kia_sportage_2013_2005946712
"KIA Sportage, 2013",949 000  ₽,Планерная,https://www.avito.ru/moskva/avtomobili/kia_sportage_2013_2002820186
"KIA Sportage, 2013",889 000  ₽,Новогиреево,https://www.avito.ru/moskva/avtomobili/kia_sportage_2013_1995710716
"KIA Sportage, 2018",1 450 000  ₽,Выхино,https://www.avito.ru/moskva/avtomobili/kia_sportage_2018_2005567146
"KIA Sportage, 2013",999 000  ₽,Румянцево,https://www.avito.ru/moskva/avtomobili/kia_sportage_2013_1991875571
"KIA Sportage, 2010",720 000  ₽,Белокаменная,https://www.avito.ru/moskva/avtomobili/kia_sportage_2010_1985420933
"KIA Sportage, 2015",1 250 000  ₽,Площадь революции,https://www.avito.ru/moskva/avtomobili/kia_sportage_2015_1976390377
"KIA Sportage, 2011",633 000  ₽,Бульвар Дмитрия Донского,https://www.avito.ru/moskva/avtomobili/kia_sportage_2011_1968651186
"KIA Sportage, 2011",780 000  ₽,Ростокино,https://www.avito.ru/moskva/avtomobili/kia_sportage_2011_1995743006
"KIA Sportage, 2011",749 000  ₽,Семеновская,https://www.avito.ru/moskva/avtomobili/kia_sportage_2011_2004105046
"KIA Sportage, 2014",950 000  ₽,Боровское шоссе,https://www.avito.ru/moskva/avtomobili/kia_sportage_2014_1785372352
"KIA Sportage, 2005",298 000  ₽,Лермонтовский проспект,https://www.avito.ru/moskva/avtomobili/kia_sportage_2005_1968251406
"KIA Sportage, 2014",825 000  ₽,Крылатское,https://www.avito.ru/moskva/avtomobili/kia_sportage_2014_1983592951
"KIA Sportage, 2016",1 390 000  ₽,Крылатское,https://www.avito.ru/moskva/avtomobili/kia_sportage_2016_1983674432
"KIA Sportage, 2013",1 079 000  ₽,Новогиреево,https://www.avito.ru/moskva/avtomobili/kia_sportage_2013_1870300018
"KIA Sportage, 2015",1 080 000  ₽,Жулебино,https://www.avito.ru/moskva/avtomobili/kia_sportage_2015_1972391414
"KIA Sportage, 2011",738 000  ₽,Солнцево,https://www.avito.ru/moskva/avtomobili/kia_sportage_2011_1988889104
"KIA Sportage, 2013",816 000  ₽,Озёрная,https://www.avito.ru/moskva/avtomobili/kia_sportage_2013_1963638864
"KIA Sportage, 2000",235 000  ₽,Зорге,https://www.avito.ru/moskva/avtomobili/kia_sportage_2000_1983281738
"KIA Sportage, 2016",1 340 000  ₽,Калужская,https://www.avito.ru/moskva/avtomobili/kia_sportage_2016_1957845545
"KIA Sportage, 2018",1 459 000  ₽,Щелковская,https://www.avito.ru/moskva/avtomobili/kia_sportage_2018_1983496483
"KIA Sportage, 2019",1 847 000  ₽,Саларьево,https://www.avito.ru/moskva/avtomobili/kia_sportage_2019_2004111795
"KIA Sportage, 2013",950 000  ₽,Новоясеневская,https://www.avito.ru/moskva/avtomobili/kia_sportage_2013_1933474581
"KIA Sportage, 2013",810 000  ₽,Зорге,https://www.avito.ru/moskva/avtomobili/kia_sportage_2013_1969586930
"KIA Sportage, 2013",949 000  ₽,Хорошевская,https://www.avito.ru/moskva/avtomobili/kia_sportage_2013_1971967696
"KIA Sportage, 2011",785 000  ₽,Коптево,https://www.avito.ru/moskva/avtomobili/kia_sportage_2011_2004081422
"KIA Sportage, 2014",950 000  ₽,Марьина Роща,https://www.avito.ru/moskva/avtomobili/kia_sportage_2014_2006841058
"KIA Sportage, 2016",1 150 000  ₽,Октябрьское поле,https://www.avito.ru/moskva/avtomobili/kia_sportage_2016_1994834625
"KIA Sportage, 2009",667 000  ₽,Южная,https://www.avito.ru/moskva/avtomobili/kia_sportage_2009_1983295374
"KIA Sportage, 2015",1 097 000  ₽,Ясенево,https://www.avito.ru/moskva/avtomobili/kia_sportage_2015_1980045467
"KIA Sportage, 2018",1 350 000  ₽,Верхние Лихоборы,https://www.avito.ru/moskva/avtomobili/kia_sportage_2018_1949869213
"KIA Sportage, 2014",950 000  ₽,Раменки,https://www.avito.ru/moskva/avtomobili/kia_sportage_2014_1925755876
"KIA Sportage, 2014",862 000  ₽,Калужская,https://www.avito.ru/moskva/avtomobili/kia_sportage_2014_2003095728
"KIA Sportage, 2018",1 350 000  ₽,Ростокино,https://www.avito.ru/moskva/avtomobili/kia_sportage_2018_1995406999
"KIA Sportage, 2012",810 000  ₽,Савеловская,https://www.avito.ru/moskva/avtomobili/kia_sportage_2012_1878313232
"KIA Sportage, 2010",670 000  ₽,Площадь революции,https://www.avito.ru/moskva/avtomobili/kia_sportage_2010_1978748467
"KIA Sportage, 2015",860 000  ₽,Чертановская,https://www.avito.ru/moskva/avtomobili/kia_sportage_2015_1921801942
"KIA Sportage, 2011",750 000  ₽,Крылатское,https://www.avito.ru/moskva/avtomobili/kia_sportage_2011_1983152887
"KIA Sportage, 2012",730 000  ₽,Новогиреево,https://www.avito.ru/moskva/avtomobili/kia_sportage_2012_1948608786
"KIA Sportage, 2016",1 490 000  ₽,Стахановская,https://www.avito.ru/moskva/avtomobili/kia_sportage_2016_1995002329
"KIA Sportage, 2008",499 000  ₽,Новые Черемушки,https://www.avito.ru/moskva/avtomobili/kia_sportage_2008_1822064772
"KIA Sportage, 2007",520 000  ₽,Лермонтовский проспект,https://www.avito.ru/moskva/avtomobili/kia_sportage_2007_1983284766
"KIA Sportage, 2001",205 000  ₽,Отрадное,https://www.avito.ru/moskva/avtomobili/kia_sportage_2001_1974487642
"KIA Sportage, 2009",487 000  ₽,Медведково,https://www.avito.ru/moskva/avtomobili/kia_sportage_2009_2010770556
"KIA Sportage, 2015",970 000  ₽,Ростокино,https://www.avito.ru/moskva/avtomobili/kia_sportage_2015_1995605979
"KIA Sportage, 2017",1 320 000  ₽,Отрадное,https://www.avito.ru/moskva/avtomobili/kia_sportage_2017_1983032970
"KIA Sportage, 2015",1 080 000  ₽,Тропарево,https://www.avito.ru/moskva/avtomobili/kia_sportage_2015_1963180770
"KIA Sportage, 2006",405 000  ₽,Коломенская,https://www.avito.ru/moskva/avtomobili/kia_sportage_2006_1959023756
"KIA Sportage, 2009",550 000  ₽,ВДНХ,https://www.avito.ru/moskva/avtomobili/kia_sportage_2009_1939231060
"KIA Sportage, 2012",850 000  ₽,Речной вокзал,https://www.avito.ru/moskva/avtomobili/kia_sportage_2012_1952449587
"KIA Sportage, 2018",1 585 000  ₽,Крылатское,https://www.avito.ru/moskva/avtomobili/kia_sportage_2018_1983562158
"KIA Sportage, 2012",877 850  ₽,Селигерская,https://www.avito.ru/moskva/avtomobili/kia_sportage_2012_1983112326
"KIA Sportage, 2017",1 440 000  ₽,Крылатское,https://www.avito.ru/moskva/avtomobili/kia_sportage_2017_1983508971
"KIA Sportage, 2007",480 000  ₽,Бульвар Дмитрия Донского,https://www.avito.ru/moskva/avtomobili/kia_sportage_2007_1981877838
"KIA Sportage, 2017",1 400 000  ₽,Фрунзенская,https://www.avito.ru/moskva/avtomobili/kia_sportage_2017_1964986449
"KIA Sportage, 2017",1 430 000  ₽,Жулебино,https://www.avito.ru/moskva/avtomobili/kia_sportage_2017_1959060098
"KIA Sportage, 2011",795 000  ₽,Свиблово,https://www.avito.ru/moskva/avtomobili/kia_sportage_2011_1983727589
"KIA Sportage, 2013",786 000  ₽,Калужская,https://www.avito.ru/moskva/avtomobili/kia_sportage_2013_1971898754
"KIA Sportage, 2014",867 000  ₽,Медведково,https://www.avito.ru/moskva/avtomobili/kia_sportage_2014_1978763049
"KIA Sportage, 2009",589 000  ₽,Окская,https://www.avito.ru/moskva/avtomobili/kia_sportage_2009_1995276068
"KIA Sportage, 2011",680 000  ₽,Новогиреево,https://www.avito.ru/moskva/avtomobili/kia_sportage_2011_2004595599
"KIA Sportage, 2014",1 200 000  ₽,Селигерская,https://www.avito.ru/moskva/avtomobili/kia_sportage_2014_2013179886
"KIA Sportage, 2004",240 000  ₽,Чистые пруды,https://www.avito.ru/moskva/avtomobili/kia_sportage_2004_1974290453
"KIA Sportage, 2017",1 590 000  ₽,Щелковская,https://www.avito.ru/moskva/avtomobili/kia_sportage_2017_1973248021
"KIA Sportage, 2018",1 340 000  ₽,Южная,https://www.avito.ru/moskva/avtomobili/kia_sportage_2018_1855253848
"KIA Sportage, 2018",1 487 000  ₽,Стахановская,https://www.avito.ru/moskva/avtomobili/kia_sportage_2018_1995299851
"KIA Sportage, 2014",1 150 000  ₽,Академическая,https://www.avito.ru/moskva/avtomobili/kia_sportage_2014_1911915039
"KIA Sportage, 2015",1 150 000  ₽,Калужская,https://www.avito.ru/moskva/avtomobili/kia_sportage_2015_1975366423
"KIA Sportage, 2016",1 365 000  ₽,Тропарево,https://www.avito.ru/moskva/avtomobili/kia_sportage_2016_1995891892
"KIA Sportage, 2005",240 000  ₽,Отрадное,https://www.avito.ru/moskva/avtomobili/kia_sportage_2005_1974680632
"KIA Sportage, 2014",905 000  ₽,Зеленоград,https://www.avito.ru/moskva_zelenograd/avtomobili/kia_sportage_2014_1922127145
"KIA Sportage, 2015",1 200 000  ₽,Сходненская,https://www.avito.ru/moskva/avtomobili/kia_sportage_2015_1981128578
"KIA Sportage, 2016",1 129 000  ₽,Алтуфьево,https://www.avito.ru/moskva/avtomobili/kia_sportage_2016_1956626846
"KIA Sportage, 2010",555 000  ₽,Варшавская,https://www.avito.ru/moskva/avtomobili/kia_sportage_2010_1975940371
"KIA Sportage, 2017",1 400 000  ₽,д. Брёхово,https://www.avito.ru/moskva_zelenograd/avtomobili/kia_sportage_2017_1965319505
"KIA Sportage, 2009",527 000  ₽,Говорово,https://www.avito.ru/moskva/avtomobili/kia_sportage_2009_1970308880
"KIA Sportage, 2009",590 000  ₽,Площадь революции,https://www.avito.ru/moskva/avtomobili/kia_sportage_2009_1954551201
"KIA Sportage, 2016",1 399 000  ₽,Алтуфьево,https://www.avito.ru/moskva/avtomobili/kia_sportage_2016_1962555199
"KIA Sportage, 2017",1 318 000  ₽,Медведково,https://www.avito.ru/moskva/avtomobili/kia_sportage_2017_2010200801
"KIA Sportage, 2016",1 410 000  ₽,Коптево,https://www.avito.ru/moskva/avtomobili/kia_sportage_2016_2004290349
"KIA Sportage, 2012",790 000  ₽,Улица Горчакова,https://www.avito.ru/moskva/avtomobili/kia_sportage_2012_1850748702
"KIA Sportage, 2013",945 000  ₽,Бульвар адмирала Ушакова,https://www.avito.ru/moskva/avtomobili/kia_sportage_2013_1988915280
"KIA Sportage, 2011",730 000  ₽,Лухмановская,https://www.avito.ru/moskva/avtomobili/kia_sportage_2011_1809546796
"KIA Sportage, 2018",1 890 000  ₽,Озёрная,https://www.avito.ru/moskva/avtomobili/kia_sportage_2018_2008074642
"KIA Sportage, 2015",1 100 000  ₽,Селигерская,https://www.avito.ru/moskva/avtomobili/kia_sportage_2015_1874739328
"KIA Sportage, 2012",750 000  ₽,Площадь революции,https://www.avito.ru/moskva/avtomobili/kia_sportage_2012_1969190172
"KIA Sportage, 2015",1 250 000  ₽,Люблино,https://www.avito.ru/moskva/avtomobili/kia_sportage_2015_2007317502
"KIA Sportage, 2014",800 000  ₽,Озёрная,https://www.avito.ru/moskva/avtomobili/kia_sportage_2014_1963322726
"KIA Sportage, 2017",1 349 000  ₽,Домодедовская,https://www.avito.ru/moskva/avtomobili/kia_sportage_2017_1921143195
"KIA Sportage, 2013",805 000  ₽,Коломенская,https://www.avito.ru/moskva/avtomobili/kia_sportage_2013_1982956829
"KIA Sportage, 2016",1 280 000  ₽,Братиславская,https://www.avito.ru/moskva/avtomobili/kia_sportage_2016_2004814657
"KIA Sportage, 2010",550 000  ₽,Кантемировская,https://www.avito.ru/moskva/avtomobili/kia_sportage_2010_2002911739
"KIA Sportage, 2009",515 000  ₽,Ховрино,https://www.avito.ru/moskva/avtomobili/kia_sportage_2009_1977458387
"KIA Sportage, 2015",1 060 000  ₽,Бульвар адмирала Ушакова,https://www.avito.ru/moskva/avtomobili/kia_sportage_2015_1975697892
"KIA Sportage, 2018",1 620 000  ₽,Строгино,https://www.avito.ru/moskva/avtomobili/kia_sportage_2018_1962541788
"KIA Sportage, 2017",1 589 000  ₽,Лермонтовский проспект,https://www.avito.ru/moskva/avtomobili/kia_sportage_2017_1408272399
"KIA Sportage, 2003",230 000  ₽,Отрадное,https://www.avito.ru/moskva/avtomobili/kia_sportage_2003_1974751938
"KIA Sportage, 2011",710 000  ₽,Дмитровская,https://www.avito.ru/moskva/avtomobili/kia_sportage_2011_1976462606
"KIA Sportage, 2017",1 400 000  ₽,Измайловская,https://www.avito.ru/moskva/avtomobili/kia_sportage_2017_1576301986
"KIA Sportage, 2010",430 000  ₽,Кузьминки,https://www.avito.ru/moskva/avtomobili/kia_sportage_2010_1930175765
"KIA Sportage, 2007",518 000  ₽,Угрешская,https://www.avito.ru/moskva/avtomobili/kia_sportage_2007_1998701447
"KIA Sportage, 2014",769 000  ₽,Молодежная,https://www.avito.ru/moskva/avtomobili/kia_sportage_2014_1975600157
"KIA Sportage, 2012",785 000  ₽,Жулебино,https://www.avito.ru/moskva/avtomobili/kia_sportage_2012_1972710067
"KIA Sportage, 2014",880 000  ₽,Полежаевская,https://www.avito.ru/moskva/avtomobili/kia_sportage_2014_1435435170
"KIA Sportage, 2018",1 570 000  ₽,Строгино,https://www.avito.ru/moskva/avtomobili/kia_sportage_2018_1892900261
"KIA Sportage, 2016",1 580 000  ₽,Бунинская аллея,https://www.avito.ru/moskva/avtomobili/kia_sportage_2016_1839902258
"KIA Sportage, 2016",1 230 000  ₽,Тропарево,https://www.avito.ru/moskva/avtomobili/kia_sportage_2016_1963741463
"KIA Sportage, 2014",925 000  ₽,Тропарево,https://www.avito.ru/moskva/avtomobili/kia_sportage_2014_1962981052
"KIA Sportage, 2018",1 449 000  ₽,Кантемировская,https://www.avito.ru/moskva/avtomobili/kia_sportage_2018_2004132781
"KIA Sportage, 2009",560 000  ₽,Преображенская площадь,https://www.avito.ru/moskva/avtomobili/kia_sportage_2009_1978844044
"KIA Sportage, 2006",430 000  ₽,Улица академика Янгеля,https://www.avito.ru/moskva/avtomobili/kia_sportage_2006_1950406670
"KIA Sportage, 2017",1 609 000  ₽,Новогиреево,https://www.avito.ru/moskva/avtomobili/kia_sportage_2017_1963741531
"KIA Sportage, 2010",730 000  ₽,Новогиреево,https://www.avito.ru/moskva/avtomobili/kia_sportage_2010_1972262967
"KIA Sportage, 2011",749 000  ₽,Кантемировская,https://www.avito.ru/moskva/avtomobili/kia_sportage_2011_2004149649
"KIA Sportage, 2017",1 470 000  ₽,Домодедовская,https://www.avito.ru/moskva/avtomobili/kia_sportage_2017_2011291531
"KIA Sportage, 2012",765 000  ₽,Говорово,https://www.avito.ru/moskva/avtomobili/kia_sportage_2012_2002550765
"KIA Sportage, 2011",850 000  ₽,Зорге,https://www.avito.ru/moskva/avtomobili/kia_sportage_2011_1833304442
"KIA Sportage, 2020","от 1 629 900  ₽
  
 1 804 900 ₽ без скидки",Окружная,https://www.avito.ru/moskva/avtomobili/kia_sportage_2020_2007597902
"KIA Sportage, 2017",1 750 000  ₽,Братиславская,https://www.avito.ru/moskva/avtomobili/kia_sportage_2017_2004324661
"KIA Sportage, 2015",1 190 000  ₽,Озёрная,https://www.avito.ru/moskva/avtomobili/kia_sportage_2015_1962957112
"KIA Sportage, 2019",1 649 000  ₽,Строгино,https://www.avito.ru/moskva/avtomobili/kia_sportage_2019_1926304155
"KIA Sportage, 2010",735 000  ₽,Саларьево,https://www.avito.ru/moskva/avtomobili/kia_sportage_2010_2001179884
"KIA Sportage, 2013",879 000  ₽,Алтуфьево,https://www.avito.ru/moskva/avtomobili/kia_sportage_2013_1965863447
"KIA Sportage, 2013",960 000  ₽,Юго-Западная,https://www.avito.ru/moskva/avtomobili/kia_sportage_2013_1971972557
"KIA Sportage, 2016",1 450 033  ₽,Новохохловская,https://www.avito.ru/moskva/avtomobili/kia_sportage_2016_2007436369
"KIA Sportage, 2011",759 000  ₽,Люблино,https://www.avito.ru/moskva/avtomobili/kia_sportage_2011_1921583944
"KIA Sportage, 2012",799 000  ₽,Молодежная,https://www.avito.ru/moskva/avtomobili/kia_sportage_2012_2006799490
"KIA Sportage, 2015",1 215 000  ₽,Алма-Атинская,https://www.avito.ru/moskva/avtomobili/kia_sportage_2015_1994113036
"KIA Sportage, 2011",870 000  ₽,Селигерская,https://www.avito.ru/moskva/avtomobili/kia_sportage_2011_1983906586
"KIA Sportage, 2017",1 389 000  ₽,Калужская,https://www.avito.ru/moskva/avtomobili/kia_sportage_2017_1971043044
"KIA Sportage, 2011",850 000  ₽,Говорово,https://www.avito.ru/moskva/avtomobili/kia_sportage_2011_1447362932
"KIA Sportage, 2005",507 000  ₽,Озёрная,https://www.avito.ru/moskva/avtomobili/kia_sportage_2005_1963698840
"KIA Sportage, 2012",760 000  ₽,Зеленоград,https://www.avito.ru/moskva_zelenograd/avtomobili/kia_sportage_2012_1968706094
"KIA Sportage, 2011",855 000  ₽,Молодежная,https://www.avito.ru/moskva/avtomobili/kia_sportage_2011_428182428
"KIA Sportage, 2014",915 000  ₽,Тропарево,https://www.avito.ru/moskva/avtomobili/kia_sportage_2014_1963604397
"KIA Sportage, 2018",1 395 000  ₽,Коптево,https://www.avito.ru/moskva/avtomobili/kia_sportage_2018_1972480179
"KIA Sportage, 2013",849 000  ₽,Бульвар адмирала Ушакова,https://www.avito.ru/moskva/avtomobili/kia_sportage_2013_1956344877
"KIA Sportage, 2016",1 265 000  ₽,Жулебино,https://www.avito.ru/moskva/avtomobili/kia_sportage_2016_1983274153
"KIA Sportage, 2009",580 000  ₽,Отрадное,https://www.avito.ru/moskva/avtomobili/kia_sportage_2009_1916472700
"KIA Sportage, 2016",1 380 000  ₽,Алтуфьево,https://www.avito.ru/moskva/avtomobili/kia_sportage_2016_1923497859
"KIA Sportage, 2016",1 290 000  ₽,Пражская,https://www.avito.ru/moskva/avtomobili/kia_sportage_2016_1971955556
"KIA Sportage, 2010",630 000  ₽,Жулебино,https://www.avito.ru/moskva/avtomobili/kia_sportage_2010_1971946808
"KIA Sportage, 2014",975 000  ₽,Пражская,https://www.avito.ru/moskva/avtomobili/kia_sportage_2014_1972054656
